"country_name","country_code","x1990","x1991","x1992","x1993","x1994","x1995","x1996","x1997","x1998","x1999","x2000","x2001","x2002","x2003","x2004","x2005","x2006","x2007","x2008","x2009","x2010","x2011","x2012","x2013","x2014"
"Afghanistan","AFG",15.4457372763011,15.2277561686197,14.9321115558358,14.7093386175223,14.6299172957397,14.4363583614661,14.2654905061853,14.107200070194,13.9517955389351,13.8900541974414,13.6285038761217,13.6021942542111,13.6440523811386,13.7174890888038,13.7727923127076,13.9706651043726,14.1698547841415,14.5068954674788,14.8149809394552,15.1474819505818,15.5381245851444,15.7547347524308,15.8645443437501,15.9396702299616,16.0514394962357
"Albania","ALB",40.5619362153103,41.2161598574584,41.7423291411136,42.2879807668356,42.6780641088185,42.939372579227,42.6236581749208,42.3743767284765,41.9481773670031,41.4143884913417,41.1573822881209,41.0700383256932,41.1777717293096,41.244409748068,41.3881114505727,41.4125083412518,41.4266265961707,41.3099482488226,41.0951691665277,41.0102050645588,40.9169480337546,40.9995435514842,41.072525473242,41.1766351675561,41.2665096675167
"Algeria","DZA",11.632404083848,11.8385830984253,12.0413805739628,12.2681458329292,12.490695521386,12.7914063631585,13.0016512719827,13.1117248394783,13.1949183071456,13.2810773667074,13.48421485936,13.6664428062807,13.9662713668142,14.2701636609233,14.5438660742614,14.9350238801293,15.3274368216038,15.8026664931846,16.3167780585623,16.7542586323309,16.8776628017031,16.9972350357872,17.1129602529275,17.264964222262,17.3761564927251
"Angola","AGO",47.5806058010098,47.7310854219833,48.1755817294927,49.4125502613777,49.4007644266064,49.0933368494144,48.7923291613234,48.6265659381816,48.4606206788338,48.3701195764486,48.420795034107,48.3408421357417,47.8146136800794,47.8709359349424,47.4889709246281,46.8690705863425,46.2498384100533,45.615249108303,45.292129841751,45.5966615649837,45.8949803296441,45.960325096225,46.0223101927937,46.0814681121625,46.2045538524439
"Argentina","ARG",36.0994710160006,35.9195623333353,35.8211596880901,36.1317549312879,36.2902138833081,36.7599597904873,37.0100599602504,37.1966810615725,37.5372111698088,37.8125285377977,38.0864564777918,38.5806573120528,39.07136009383,39.5581699816027,40.7029791563549,40.6166949480067,40.5313276701414,40.8080928620372,41.0022347592836,41.2828639070393,40.2156872661754,40.3120880191881,40.3235877509657,40.4204178967589,40.4313595423156
"Armenia","ARM",46.2192543339326,46.3735740530558,47.0744942350682,47.4671982454846,47.7437556930175,48.0186307949974,48.2379615764682,48.5802179892024,48.704651222935,48.7490370152977,48.7643812743082,48.5429795031954,47.8925320663073,47.158191362841,46.2525339054468,45.2069387410699,44.0943906164874,42.7634992052625,41.5235764801557,42.2472842313169,41.374008449287,43.1880910486766,44.2331787540602,45.2620541252647,46.1778456137967
"Australia","AUS",41.3649222788725,41.5393555191028,41.7642713400841,41.828506739862,42.3032672472025,42.7192358904444,42.8530740194031,42.9650853524208,43.0984290136275,43.3051151210297,43.6675456800522,43.8998812216946,44.0515666902353,44.4543554669417,44.3535314482437,44.6626368896989,44.8149093944627,44.8886339006821,45.0202327022414,45.1254721160235,45.0968388602357,45.2474840255457,45.3050733691318,45.3838160164537,45.3888197671286
"Austria","AUT",40.8783407427129,41.0564226023776,41.629280892446,41.9604665694871,42.9069721083874,42.8818740649426,42.9688983355127,43.0823858073444,43.1694288453636,43.2212088505826,43.3266090683119,43.6681258574511,44.0992687299621,44.387619642995,44.8927074960858,45.1224652101147,45.3535347694644,45.2543004817709,45.6618125319984,46.0666613050475,46.0706761445415,46.00524483961,46.1817868044297,46.0085672594883,46.0049915356148
"Azerbaijan","AZE",45.488527340106,45.5402334339299,45.5440958397295,45.6843581783078,45.8777587080524,46.057328275526,46.1795509338388,46.2421649456167,46.3002807307504,46.4071060340755,46.8255682307107,47.1786824387404,47.4192618339763,47.6357849690326,47.8560248705578,48.1647517642782,48.3980347041388,48.7221911951045,48.9874169267299,48.9612866862198,49.3867361794294,49.2524267695919,48.9830553793481,48.8819905742888,48.6302378382898
"Bahamas, The","BHS",45.90179709866,45.9725117751525,46.1163451473007,46.2066211703209,46.3825192148892,46.7593467593468,47.3047682444032,47.9432474299394,48.7436292942289,48.7580197526421,48.7360657393999,48.7013493994717,48.6267687457214,48.524796743042,48.4166014461434,48.321543842287,48.3103627084414,48.312210609869,48.3149407730514,48.3107889939247,48.2937592336884,48.2765961472959,48.3295491404476,48.3140757972983,48.300774709205
"Bahrain","BHR",17.0248257352667,17.5455266660989,17.9150599202794,18.2460477196616,18.6952017382261,19.1126425873998,19.6084132618382,20.1876407122599,20.7357398245174,21.0967594190812,21.3623667672363,21.4337989034707,21.1158362873877,20.8336475220979,20.5376754596992,20.1232753148699,19.8663902617841,19.6227780457936,19.4969509675927,19.3955900414091,19.4245763032326,19.4122900842106,19.4502843264699,19.4775766063152,19.5655043229587
"Bangladesh","BGD",39.6803567563605,39.8099625386676,39.5134610634184,39.3352843156945,39.0857826248569,38.7735249241043,38.5048735191816,38.294089212491,38.0231907701544,37.8012565348617,37.524405984917,37.7502791830318,37.9075446979923,38.1378602870714,38.3075030151156,38.5587027062423,38.8476605453515,39.1497954096612,39.3846296189506,39.6805518625296,39.9610885908537,40.0815242011217,40.2437332460742,40.324293925872,40.413038880872
"Barbados","BRB",46.8279648609078,47.2079072836879,47.1620724133149,47.343929238783,47.5241442368135,47.6524664939746,48.8291591748899,48.0039611748676,48.1102712316585,48.056303498998,48.0900483618282,48.1833234613106,47.8324910137564,48.3082543272158,48.3616748347203,48.5285966731222,48.6905809859155,48.779876960224,48.8027532857488,48.7568024315343,48.8516239123207,48.7868958604417,48.7995688854202,48.8857869901425,48.8996907305413
"Belarus","BLR",48.7971044380475,48.7006321767409,48.6149873873239,48.5203311566681,48.429150162722,48.41484566496,48.4674431618611,48.524388156067,48.5809273986021,48.6439208309873,48.6732612238651,48.8183478661394,48.8945691772448,48.8870522010639,48.8847093576274,48.8835030659037,48.8815499344003,48.8777100861081,48.871590628053,48.8628767600459,48.8328189630817,48.7840336638861,48.7350789337925,48.6870627455713,48.7267199461087
"Belgium","BEL",39.0366246831252,39.6751330622524,40.3416580678487,40.9838443196737,41.1079102275434,41.3529703773711,41.3527974465135,41.8666263070422,42.2314801585213,42.9283158221165,43.090195882867,42.333395124664,43.0431162446972,43.4414434334113,43.8280125902765,44.1364807902425,44.4883054513079,44.7507579049529,45.0299750745501,45.2716900514321,45.4198648221719,45.3870562961114,45.4524475138133,45.7366016300321,45.78468091504
"Belize","BLZ",30.1623650271138,30.2446650511999,30.382993186769,30.4197027549173,30.2975907904106,29.8532866326258,29.4576105222765,30.1320027790059,30.7220568922517,31.3932980599647,32.0657531818736,32.783654511947,33.4973547691201,34.2099519860323,35.0040706862698,35.6646711005747,36.0501539737583,36.4639952808326,36.8561106989646,37.1848253527643,37.4829962148096,37.6339330299182,37.6978982789056,37.8124812060221,37.9464689978137
"Benin","BEN",41.7158232327158,41.5189556822736,41.5167165633262,41.8102838615617,42.2434668934545,42.6865363566073,43.224500188416,43.8417728368458,44.4659883362133,45.1408484806623,45.7314061687333,46.3312118099313,46.8392286802507,46.8562235217742,46.8056754370889,46.7672279186959,46.7659332656444,46.7716108975394,46.7844267039507,46.8027127424278,46.8946067218378,46.9375100520853,46.9823381827522,46.9633185765723,47.0081474390629
"Bhutan","BTN",36.2214422070325,35.9603620732413,35.5874058172328,35.2137744868713,35.0164960524372,34.963327871917,35.414792347931,35.9867615250306,36.7825496926638,37.5949361091238,38.3818364836148,38.9252504624244,39.3599474700415,39.8213704203759,40.173611589728,40.4536379406278,40.8383579903049,41.1449532585308,41.430046920648,41.6064268571346,41.5594229957103,41.5147329401672,41.4746314729311,41.4967577281982,41.4708742548753
"Bolivia","BOL",38.1997202788805,38.6521221555289,39.1727708146584,39.5531016701749,39.9859719784957,40.4274902908876,41.3966878209412,42.3320592345057,42.3968981705226,42.4606818624366,42.5234474653796,42.6851385891777,42.7839795289382,42.870367791521,43.026164424708,43.1806734410117,43.3490667340504,43.7355630885818,43.8905423094167,44.1315555937689,44.3619412271302,44.4477617798697,44.5328434212259,44.5477254984604,44.6315463815752
"Bosnia and Herzegovina","BIH",38.956069369974,39.3484938120912,39.7769923137802,40.1673882924661,40.092713666003,39.5295585201326,38.0562045820476,37.6376691672962,37.427002269838,37.40486971848,37.2737997323696,37.1776968640037,37.1631217895419,36.9511727384992,36.822308597511,36.7253913036043,36.5076575910033,35.877712606713,36.4448997012377,37.1440777616599,37.9910378659628,37.9929655300155,38.0194568110616,38.0169503351958,38.0432044611603
"Botswana","BWA",46.6665120163311,46.7375088738524,46.7454326480112,46.7478382954907,46.8202292797648,46.8296945273254,46.9055351585621,46.9808032693898,46.9939041238054,47.00419117072,47.0224705828226,47.0494871965736,47.0781303720612,47.1096993404992,47.1451327692285,47.1853094554273,47.167823705089,47.1585005692218,47.1482353320542,47.1404339598592,47.1340388427914,47.1322597986239,47.0661207611845,47.1283411136499,47.0643956597227
"Brazil","BRA",35.2369542470991,37.2531644129975,39.2116628733745,39.2723793059588,39.6781661740463,40.0803099001212,39.7612769993795,40.114940190201,40.4249269641221,41.1396450088242,41.2376338103658,41.3374142573159,41.9826922091323,42.2267118656252,42.5464600467174,43.0187038586372,43.0660002491995,43.1020277286229,43.0614103945061,43.3030682715719,43.555007131102,43.6976499193059,43.7059575124652,43.7037081528788,43.7742806986552
"Brunei Darussalam","BRN",32.2041776027996,32.9956368680262,33.6600781137479,34.2768400833708,35.011257257969,35.8454592599372,36.807162331442,37.8554957724827,38.9220404234841,39.8496040814157,40.6459828664043,41.0995287912308,41.0420268693373,40.8485652956406,40.6418740849195,40.5144528265029,40.3603278374125,40.1406074551821,40.0736672262334,39.9650122137242,39.8729033509682,39.83786287832,39.8034945555837,39.7748311982553,39.6780191240704
"Bulgaria","BGR",47.8849044291239,48.0926433234043,48.3929367666612,48.1378975629427,47.9549554017756,47.6719377859074,47.4589901286331,47.1418841128735,46.7061827981794,46.3364093165086,45.9300780175248,46.8423478335472,46.8943978878119,46.1826202097259,46.2633704065505,45.9654816476503,46.2788094214081,46.1384003600586,45.7178201418189,45.7304731108178,46.1145353563714,46.4507788948188,46.6225927076454,46.5725020035301,46.6100239215849
"Burkina Faso","BFA",48.4763588855028,48.5678006276105,48.5939997080926,48.5510536392754,48.5679073755279,48.5196291294423,48.4102473615043,48.3633010996277,48.3136134264976,48.2597289156325,48.2641499609679,48.1955690836486,48.1862823502136,48.05488822111,47.980535715886,47.9050408519622,47.8332308622753,47.8162502011358,47.7342565464159,47.6548780556019,47.5696376606672,47.5525601903641,47.417472495077,47.4011902623967,47.3232233505574
"Burundi","BDI",51.8947935665727,51.9555718359978,52.0470888016874,52.2034853907896,52.3368034208008,52.3674257116024,52.2192961128874,52.1017964286098,51.8475159064375,51.7186717048681,51.5522353709933,51.4987885355905,51.411238196273,51.3500245459008,51.3733856206105,51.4142138546041,51.4128825486639,51.3668794873136,51.4506104169031,51.4064881621354,51.4800797823317,51.4546627626403,51.4741716473807,51.4830236547024,51.4885320452499
"Cabo Verde","CPV",37.3043646467133,37.3805633730529,37.4363616733246,37.4429003797275,37.4651378989774,37.6488807756763,37.8090159961222,38.045625884562,38.2204130289012,38.4344155929271,38.5537443624242,38.5710203610143,38.5627329337679,38.5420235320547,38.4680221092387,38.4737105972301,38.4642180992048,38.5638884396548,38.6960336458224,38.8562199191501,38.973276884302,38.991489174053,39.0347916926397,39.136946589865,39.2354949364962
"Cambodia","KHM",51.0583086311338,50.9834170781366,50.8387178930886,50.7233186731731,50.7074813198178,50.6488073236418,50.8406215027965,50.5530532102208,50.2487767252112,50.719805316625,51.2696152798014,50.8370705453014,50.4174323874749,49.9412972220673,49.5385664499267,49.8053674042251,50.0852682483751,50.3000027134609,50.4984028377296,50.4152417475223,50.205929921048,50.0916289068894,50.0352203337839,49.9196989370187,49.8210487488371
"Cameroon","CMR",41.7766213093486,42.342851600741,42.889788690721,43.430026578628,43.8886409415814,44.4049745985136,44.9109188273163,44.9621068804864,45.0110275928414,45.0588349224986,45.1141874596612,45.1604516723028,45.2065094922238,45.2522672471243,45.3052450571619,45.3579222539825,45.4136363705984,45.403411489002,45.5311544395541,45.5215413105561,45.5853369493044,45.6479911516383,45.6398842855485,45.6387301445435,45.7019820006739
"Canada","CAN",44.0815107091258,44.4323584825569,44.6676220335999,44.7383621791136,44.7342866651595,44.9397374849947,45.0767506283547,45.1633516071103,45.4094575195828,45.5027703082984,45.7358982442227,45.8839072218382,46.0922085074205,46.3573222073811,46.4193669513434,46.4539235272556,46.6688443831797,46.8373382223497,46.836971573035,47.026428535449,47.0856342244673,47.1462968898556,47.1390571059587,47.2084846861978,47.1216491486035
"Central African Republic","CAF",45.7441483337139,45.8222975677098,46.0986534686316,46.289979763526,46.2811330824439,46.2639120324417,46.4633942972388,46.4497455916348,46.432735426009,46.4185143719425,46.4007272026834,46.4545593256902,46.5690495543754,46.7568314173464,46.7989770860202,46.78025664523,46.8274514353399,46.8128461512178,46.9268558951965,46.9741460913465,47.0857511995805,47.0728769756895,47.0590472698944,47.1095935078627,47.0955746474166
"Chad","TCD",45.2737859239234,45.0798431077212,44.8940191864032,45.4713603891317,45.5060167424801,45.4771088878347,45.4427277427998,45.479034213972,45.3805923541152,45.4138710016234,45.3823121183884,45.3452229411806,45.313805763363,45.211259686506,45.2427677446083,45.2125819348873,45.1164743678565,45.154295322438,45.1299700352734,45.1071069328427,45.0860406484843,44.9996997148174,44.9857632240612,44.9723506161816,44.9582138573086
"Chile","CHL",30.4748939062149,30.3385887876899,31.529830762136,32.2828244312566,32.3360095775911,31.9015729995242,31.9096190118259,32.5678227735368,32.7853010410005,32.9357813481713,33.2011282636947,32.8729464823748,32.924973678557,33.9405398678305,34.8728267223624,35.4147485145327,35.6744152522341,36.1988360223057,37.2391260438387,37.7416311810548,39.6677354740914,40.4039867326899,40.6463868334115,40.6706758995725,40.7580924509794
"China","CHN",45.0048675872482,45.0149954846516,44.9656794174317,44.9162700685121,44.9257335719655,44.9372588072011,44.9472325384478,44.8944397385605,44.8974492257884,44.9550483386695,44.9450221750762,44.9016960111485,44.7918843367388,44.743637541501,44.6255181359288,44.5089232549696,44.4012942053578,44.2953880597601,44.1865053201338,44.0835950576885,43.9738395254908,43.9208819605273,43.9230449556581,43.8639575606295,43.8665323975219
"Colombia","COL",29.8745229240199,29.8379644355111,29.669596758907,29.5409511436508,30.9324922616172,32.2879715112397,33.6569462795595,34.9556381956984,36.1894471191226,37.3052102502289,38.4258749951602,39.6308137253707,40.5754201543867,41.6144486310505,41.0242803871351,40.8122947276999,40.8899830280726,40.7635750091583,40.7692466587975,41.8446105603715,42.2886223221699,42.3829364958271,42.4788006758805,42.4991647526235,42.5953529099735
"Comoros","COM",25.4810515190659,25.7979349954102,25.9723246364079,26.1927871636992,26.5037470056919,26.7200033954416,26.9858221574144,27.2015448509378,27.4655504566605,27.6783340443818,27.9310221458982,28.0918880611204,28.3424633130692,28.538902283821,28.7339883099117,29.0152329973236,29.2063599524164,29.395400159905,29.6708116662898,29.9082126662139,30.0906482686138,30.2051723357036,30.319636164366,30.4860105563081,30.6529389259482
"Congo, Dem. Rep.","COD",48.6935789185184,48.8776019228153,49.1288651101208,49.4525928115746,49.5557374618746,49.513522784265,49.5514772992434,49.6598582403415,49.693478322934,49.8682855861997,50.0453268255737,50.2243324080915,50.1941133144271,50.1638167766884,50.1327970089721,50.0311904287492,50.0764306832669,49.979473690262,49.951111508862,49.9249657259025,49.8303081908071,49.8106235569343,49.7922643497737,49.774511361564,49.6872645974111
"Congo, Rep.","COG",45.4634213128129,45.7685588049744,46.0637600936306,46.3628250944232,46.7338667693462,47.0214479327403,47.162684412864,47.4518024032043,47.5938129075549,47.8785964432695,48.0174693213406,48.2301933338738,48.3700983117739,48.5076795397281,48.714007269509,48.7768978549584,48.7667287831363,48.7579578328558,48.7502406345051,48.672103079454,48.5953715943229,48.667004686649,48.5981431638447,48.6687559032886,48.6679785826165
"Costa Rica","CRI",27.9445837002913,28.6689453748387,28.5029933311894,28.9471635600451,29.5802719085868,29.9379570194174,29.3284161351824,30.98470333218,32.0858676706584,32.0848653483057,31.2481137857038,34.1193833249517,34.1269912968457,34.1331390521268,33.4544408940778,35.359514152397,35.4183040782464,35.7904124402026,36.056078278675,36.5768861036372,36.9447085993751,37.0519235464168,37.0789206730199,37.185520961758,37.2713434043014
"Cote d'Ivoire","CIV",29.9471088713542,30.4669840442082,30.9861143992342,31.5044440939039,32.0921737439708,32.6107020446996,33.1453354935733,33.7500578048804,34.2868824445862,34.5123300422512,34.7944340522841,35.0427833935646,35.2975474988575,35.5549853336622,35.8275751863878,36.0758942003697,36.375834613012,36.6147114929074,36.8480035430217,37.0615632554392,37.2899168044453,37.485762242941,37.6234645324241,37.8309933394318,37.9640076340347
"Croatia","HRV",42.5268744021947,42.4697090423504,42.668249178255,42.8778928288935,43.020134069382,43.2467395184162,43.396778294422,43.6546814253885,43.8395184638903,44.0216546995699,44.2772057946306,44.4883080816886,44.7868054745178,44.6802402478761,45.013808791122,45.4603714268848,45.8710196206187,45.0966037160216,45.3753570526006,45.9271654861349,45.9449622967109,45.3701371704036,45.7274507644705,45.6123197658191,45.6891010528347
"Cuba","CUB",32.5105906362627,32.7581696336771,33.0047700989701,33.2525614982246,33.4424065510194,33.6679565595142,33.9591705713903,34.2282875128185,34.5636785438106,34.8046592914493,35.0109398449385,35.3065989592456,35.5984314565056,35.7932216376695,36.1507270087945,36.5280939309483,37.0714500884193,37.7886748310496,37.7351341542205,37.9687471956602,38.0765112116725,38.0957387477013,38.1838068654787,38.2737651112861,38.3647489164953
"Cyprus","CYP",36.2420920764172,36.7755194559879,37.0007436765097,37.0683278959228,37.6132926255134,37.1976012790228,37.8445941624203,38.4532626166058,38.5722383654126,38.6773113879136,40.7933023406306,41.8617798087342,42.3237050858412,42.4929082196683,42.2523461130286,41.9802966570733,42.3149746150366,42.7030092407465,42.8874689081396,43.181838092418,43.5251626237429,43.5025143298022,43.1069574037195,43.1434737171599,43.1835993827935
"Czech Republic","CZE",44.3697246397605,44.4251437168304,44.4101142234794,44.3791824004177,44.4593804440211,44.2391639637851,44.0020790947488,44.0467871867278,44.1917789035666,44.3395794340317,44.3436615980128,44.3611334106153,44.2381740360277,44.3491555162533,44.287467970471,44.0968993214951,44.0894850211276,43.68892115903,43.3822801929954,43.4037122558708,43.3015325417321,43.4478318439562,43.6750384922764,44.0204953780304,44.1209121805161
"Denmark","DNK",45.9922012852331,46.4150669593732,46.6259128222409,46.6362389458017,45.7956879034723,45.2241205318414,45.3744358294312,45.4796368581492,46.2308896585195,46.2009418770656,46.4744290155672,46.5950441135973,46.307182432402,46.4253441214122,46.6785472848028,46.7172946584264,46.9453025374549,46.8965265620855,46.9618060240379,47.1247483593589,47.129408617779,47.2525375685765,47.3588954436571,47.6245304873489,47.6879859639704
"Dominican Republic","DOM",34.2272758895782,34.268282078083,34.5277832351953,34.7625295025118,34.8672145174114,35.0510770988611,35.4204798027934,35.7369654626117,36.1122282681875,36.5128615928227,36.8365841749106,37.0816984310745,37.4053032599852,37.5696617826634,37.809491345797,38.1823535603126,38.6268907443603,38.9901319090468,39.2390161007713,39.4112946006571,39.7071253673704,39.8000805029988,39.8949818753951,39.9911639662401,40.0875208112447
"Ecuador","ECU",31.9603673197539,32.4101862011105,33.07003986922,33.7974118491657,34.3050825144744,34.8550279722439,35.4311171028552,35.8465665643769,36.2783716818017,37.1433683548371,37.5556500893126,39.8809162563504,39.4999907714537,39.3067163951366,40.7608886212663,39.8278373065487,40.0860035546471,39.5645508853655,39.1025854670588,39.4345269201303,39.8042343626593,39.9922706623048,40.1050013276638,40.2164926100393,40.3855353143773
"Egypt, Arab Rep.","EGY",26.1350341343996,23.3350759969545,24.023481437818,22.9818809744712,23.2619604641026,22.3831875942276,21.8511812074789,21.203615081307,20.6558428741956,20.680348681372,21.0703470958008,21.6147804148935,20.4313556069994,20.6675667830358,20.8499094625082,21.2189010696101,21.8751173751241,23.5592544505062,23.6092942991221,23.8129045003455,23.9671512473198,23.9644460083817,24.0671014132693,24.1182075702032,24.1197558685814
"El Salvador","SLV",35.0253717024877,35.155709554546,35.2909168312241,36.5375829598122,37.3165525361193,36.5658450518702,36.4910215449959,36.8676369968362,38.6330281953241,39.2188623867921,39.5303475664654,39.739845371081,40.0499710749815,40.1898594464012,39.8707206087248,40.3472420478831,40.6324390200324,40.6720568994408,40.667573870142,41.0598582714329,41.4680946367161,41.67753960149,41.8179361172003,41.9581211300952,42.1885142440088
"Equatorial Guinea","GNQ",45.025223243045,44.9630280578928,44.8314339981007,44.6885545719975,44.5476331776442,44.5153128925532,44.379525614494,44.3518599855267,44.3215288300988,44.2978285301121,44.3265680906687,44.3046730887477,44.3347618309204,44.3681704982466,44.4074092175358,44.4537849392885,44.4680638450567,44.4867965703554,44.5080330937449,44.5858479839062,44.6638979593993,44.6917137760808,44.7747549098549,44.8055727895328,44.8318813148885
"Eritrea","ERI",46.2308507390313,46.1944416951609,46.2076663300065,45.7711487360745,45.3074201932364,45.316856343641,45.1657733967992,45.2034371862222,45.5014924390328,45.8080701507585,46.4369630744844,46.5290138194407,46.8693809291378,47.2120225796559,47.3666530515239,47.5235454556188,47.6349998996869,47.6278981825498,47.8669279668535,47.855841980667,47.8420531549189,47.8809163187636,47.61483828938,47.6652561148327,47.6311443900233
"Estonia","EST",49.5558569369395,49.3011923364153,49.0510527109191,48.7123021601617,48.4846658787212,48.1033214330524,48.3129089895839,48.554770328243,47.896696972102,48.1728990402,48.2023932396779,48.2575322375462,48.2073916495451,48.1035102820489,48.504688967369,49.3127356229323,49.2042851929228,48.4926880097733,48.6267262984372,49.0338295612948,49.6976824967174,49.7288147205079,49.1214316296185,49.0922192708756,49.0597641333706
"Ethiopia","ETH",44.9921841291677,45.1375026924454,45.3626676674461,45.136487461197,45.1091729812184,45.0030732694014,44.7969788871627,44.7861874751293,44.8530401689354,44.7871644604229,45.2072747509266,45.5674477637765,45.9703161579957,46.3632466648664,46.6900998288553,46.9540193888773,47.0135102996228,47.0707949824015,47.1185120868552,47.2197994549287,47.1995004643334,47.2406345225979,47.2248626574153,47.2656633104845,47.3117113544329
"Fiji","FJI",25.5244010227596,26.6827330916943,27.8235806941334,29.119094506169,30.3628861729387,31.6223977027997,32.923422038588,32.962794005179,32.9996567707795,33.1160235291776,33.2534556728564,33.3066213213976,33.2967524547271,33.372620098047,33.3661007977617,33.4272473126993,33.5192449702593,33.6214336717271,33.5515693966126,33.5480985421754,33.4638576639619,33.4875787212192,33.609024976083,33.644824554021,33.6806265680765
"Finland","FIN",47.1313766623507,47.0656345161892,46.9964806610072,46.9662199485555,46.9450898415544,46.9304324138384,46.9714228581427,47.0603243246691,47.1279644145801,47.4164767045661,47.4183105800873,47.4735019045654,47.7670202334784,47.6173675282379,47.7271964382165,47.9593889435075,47.955427079448,48.0169409191908,47.7456111038397,48.1593413385555,47.8406910144275,47.5484304643689,47.7578523953642,47.7087644294318,47.740558692722
"France","FRA",42.9412108538884,43.3622087442537,43.5958076195101,44.0027276131426,44.3018296618242,44.6123550323754,44.6743295133524,44.6393567143556,44.8432765289917,45.0732040643843,45.1761193462409,45.1629541733402,45.1977142296013,45.8687276513718,45.9642250687879,46.1924012148451,46.3850172471125,46.5957937401178,46.7125883500873,46.9301590664068,46.9461012339444,47.0353972407974,47.0589759649584,47.0544722481033,47.1369792908884
"Gabon","GAB",47.0245221750403,46.5342973476493,46.6350362359605,46.3154596435975,46.3778804262243,46.3546317680267,46.3797778229255,46.2341417590966,46.2425163290952,46.1732121356092,46.1824995792949,46.1180410436575,46.140487428372,46.1577271551706,46.1842960191696,46.134936911539,46.0178447576616,45.993905649725,45.8912726669003,45.7987744075677,45.8023198437685,45.757126352132,45.7303300802827,45.7065834776554,45.7689525429347
"Gambia, The","GMB",44.4940997017202,44.5888271195402,44.6833877510636,44.7533077600605,45.0313703572924,45.372298673781,45.761165005635,46.0274695456135,46.3551106603036,46.6041475322666,46.781928466522,46.9161561006642,47.2444595102198,47.2241164979577,47.2668257198245,47.3151225419257,47.4054471240167,47.4358392147713,47.5336030275349,47.6932230530785,47.7181044198597,47.7932124690518,47.79932734081,47.863021622864,47.8655244852133
"Georgia","GEO",46.0990847765725,46.1602252752287,46.86029342684,47.5333914347676,47.7180688288047,47.588460425985,47.3492834204155,47.1899551206826,47.2031375807965,47.2012137510313,46.2288743498924,47.0237742766196,46.5720688498231,46.9730496125247,47.1057723903757,46.9307223738357,46.8947345458461,46.8532838896142,46.8249879466982,46.722841195203,46.6024082533097,46.5857474110271,46.4869324040128,46.4555163291998,46.3575522259362
"Germany","DEU",40.5972518928562,42.0886912230327,42.0866165360199,42.1960449451853,42.2436551409048,42.4247289286778,42.5663843366773,42.8235585450336,42.9260991045115,43.4580708543795,43.6552331705363,43.8950327090362,44.1856895286023,44.5469897741946,44.6762005197777,44.5551127707927,44.9402211244341,45.2271227754372,45.2313069899677,45.4915199318806,45.6483946640212,45.8493261466639,45.8919492151899,45.8641964119592,45.9145924838033
"Ghana","GHA",48.1892535742239,48.3522429610548,48.5988048497736,48.6424415424845,48.7411015595582,48.7482201961937,48.7145059260444,48.729775670624,48.6077456217187,48.5685739871115,48.5578145393838,48.6844676518292,48.8350671078629,48.9303133473927,49.1668593543844,49.3267063937025,49.4945018339771,49.6724274166251,49.828802326572,50.0215675056861,50.0260755707473,49.982100873302,49.9060385664993,49.8083314022375,49.7109858103679
"Greece","GRC",36.1122086601895,34.95211029052,35.8457263699959,36.0355215726379,36.2385824330448,36.634882809382,37.4086530911375,37.5357957278828,38.5271302436743,39.143228417625,39.0434498920167,38.9317884867859,39.3290914580131,39.5580400356137,40.2867950820745,40.4059894409753,40.5975962542125,40.6096730522557,40.7360837051903,41.3429816986012,41.8786321405851,42.2101056114617,42.720733612896,42.7873335405667,42.8335523501504
"Guatemala","GTM",32.3580012985052,32.5688705964719,32.8332175534694,33.0466235718304,33.3115352448955,33.6057821360839,33.8179962622136,34.1125745092582,34.4033085823715,34.6880422070544,34.8276705147966,35.0216269590025,35.1262756033536,35.3069616568606,35.3409120887586,36.2470916723958,37.2010104383741,37.4977588103857,37.598631913241,37.7747550812796,37.9492208880127,37.9444297708005,38.0183500387183,38.0922801159669,38.1652216756272
"Guinea","GIN",45.9281000219839,45.8330798961032,45.7982282941506,45.6891083765834,45.7197972260795,45.6042064862495,45.4866629356708,45.4370587515009,45.3127238350558,45.1936661319463,45.2878127474798,45.2465236596912,45.197249740459,45.1420834690263,45.1839296556279,45.2161475963913,45.3381142735303,45.4015756553137,45.3847158707312,45.6001059353803,45.6662393720219,45.7075516266636,45.6870763563844,45.6661008786176,45.7059492809953
"Guinea-Bissau","GNB",44.4818593063334,44.4688975369338,44.4819830574842,44.417259838402,44.200786279984,44.1185497537998,43.7862534069467,43.7012545722972,45.696905175247,45.5986855536536,45.492442487213,45.6927767894614,46.1861895302515,46.5122435473197,46.4726891111901,46.4323405011961,46.5650787546668,46.7700673064938,46.9020538777193,46.9695452993063,47.0995060187862,47.1039556034116,47.1006185292869,47.0997049384882,47.0978800434863
"Guyana","GUY",31.2849586740956,31.8994332219154,32.3245322305445,32.8041207509243,32.8493570028753,32.7581666785282,32.6557517674894,32.6946600266946,32.7330757833811,32.8071220316212,32.7479475520336,32.8088833281201,32.8479658881945,32.8815001564714,33.0421882966068,33.2080404716019,33.2629500068282,33.4760749617841,33.6433856631261,33.8337455354022,34.082915108225,34.3165919685049,34.4671273097647,34.6709033697863,34.9357745690416
"Haiti","HTI",44.0073294454503,44.2796365933987,44.5603885144238,44.8441413245043,45.1945961775446,45.4634604007639,45.7171039453552,46.0525645613545,46.3090847878251,46.4954503085478,46.7678572822126,46.8298045399489,46.9747207566815,46.9712616189614,47.1247329531967,47.1249564705741,47.1923622212225,47.1914224614765,47.3460355211848,47.3467937201258,47.3524034253347,47.3403227641496,47.406570500428,47.4733114793829,47.4654259521821
"Honduras","HND",28.085003971326,28.1797640581511,29.2868091624085,29.2043254213031,29.1233527901259,29.043117720097,31.7695893960359,32.0263827352956,32.8940700589103,34.585606310123,34.0540177490873,33.1757509278295,31.7185226119835,32.0083675072851,32.301312736682,32.6614345000798,33.0978476642839,33.3954942882258,33.663047225956,33.819612956189,34.0287786364333,34.2090997221385,34.3334881881794,34.5121918077184,34.6357333206857
"Hong Kong SAR, China","HKG",36.4348580114939,37.1665944690789,36.9893846657108,36.9978863396175,37.7822491765909,38.5633140635059,39.1529411323964,39.7509865182302,40.5503460320069,41.2539916519612,41.9573069215423,42.7425684408413,43.8169302774215,43.9418045695866,44.3518292223062,44.8431890636036,45.2785057263493,45.9866231677879,46.5694954806484,46.9752191409507,46.7929290249698,46.8950135009996,46.960945840292,46.8212992836221,46.7670738756586
"Hungary","HUN",44.4890644326378,44.8276538083245,45.2767642815436,45.1704775623816,44.7115242938016,43.3967682265755,43.5257434084303,43.510774987048,44.5244271264003,44.6412020956054,44.721681343187,44.6896463209223,45.0345526892469,45.2888984730453,45.3912921582445,45.5805975752355,45.4266849562726,45.2794310570693,45.322920489379,45.4119606236193,45.9976972407488,45.8260226347761,45.830815090782,45.8251626707236,45.8191820438754
"Iceland","ISL",45.331711647479,45.2976816796991,45.7040452650867,46.4787879603342,46.775043526406,46.5409990574929,46.6288007975444,46.4226560767897,46.6272803177896,46.7288164834623,46.7256935863977,46.8702172339744,46.7672963435248,47.0895829657079,46.6336557426569,46.8318549610889,46.5131126338094,46.5596661584143,46.5885250146648,46.9903048057474,47.1471343256499,47.2340425531915,47.6874189640147,47.7237337710161,47.6277040538084
"India","IND",27.5867735389051,27.7522965009179,28.0011380898794,28.1731965398075,28.3921473298994,28.3057589697729,28.1723680073278,28.0822452820147,27.9899563551437,27.8973642538132,27.804921184935,28.1136453174548,28.4684741372827,28.8206010975328,29.1672657724517,29.4586657795909,28.5388051373787,27.6641951593147,26.8391282842297,25.9366734791692,25.0485319101297,24.6131477341457,24.1248148247647,24.1709806325171,24.1718469494304
"Indonesia","IDN",38.486820624751,37.9209542749999,37.427180367938,37.9242772883141,38.5631194583046,38.2727792843713,38.0861347060662,37.549957861339,38.2605898160043,37.8116203483793,37.5271794860586,37.3222385203326,37.0427240090718,37.0649902657943,37.0833249410386,37.0424935989173,37.3102117829655,37.5772523635384,37.8468068099581,37.7169356465997,37.7637591947057,37.8304066186668,37.8309742744987,37.9656033339979,37.9707107574531
"Iran, Islamic Rep.","IRN",10.4342052940845,10.6818315993746,10.9219844732091,11.169833745311,11.5354707029366,11.7945043935706,12.195145508976,13.0581014242152,13.9085870116456,14.7104841256144,15.5693012597809,16.4575090265866,17.2413222325195,18.1062967572646,19.0594841821061,19.9610153837231,19.5278039728499,19.0420871850139,17.564401397914,17.7936897730107,18.0090422166274,18.1033493381427,18.226130155808,18.338652115255,18.3351551921502
"Iraq","IRQ",13.2954227317296,13.5437191625016,13.790944477441,13.8800768436208,14.1250184635042,14.3345680314027,14.5742425378419,14.8149026156402,14.8966449060704,15.1346939934674,15.3703907619379,15.6037569032546,15.8344229253783,16.0643050718003,16.4175737022374,16.4509104746328,16.6495865075272,16.8102801369841,16.9323995430388,17.1326395105867,17.2882954186359,17.3584433482965,17.4263283098497,17.6109531050515,17.6769138285615
"Ireland","IRL",34.1697717702399,34.6625869546235,35.4380842187483,36.5603251322491,37.06449319436,37.5896955708099,38.3542622116656,38.8914653340906,39.4980050584268,40.1982354965473,40.5802315192766,40.7314178783418,41.3307546765941,41.5531968910201,41.4931505240088,42.0599674109101,42.3378785439568,42.921877255282,43.2235606894267,43.7026508790737,44.1029609867715,44.3119232860199,44.2893510766321,44.3940039728739,44.4552959234949
"Israel","ISR",40.4151775759512,40.9366790419148,41.7844686037006,41.9699000419476,42.8500777822772,43.3771369803335,43.739135484085,44.2121640850254,44.6297243674738,45.2756556508721,45.7988681776126,45.8921288512845,46.0469381288589,46.5339522302742,46.4795249422354,46.5874201093504,46.6072961229911,46.563766303255,46.5672626355339,47.1139618861431,47.1145421087422,46.9985894686504,46.7378011545891,46.7521690806042,46.840346389317
"Italy","ITA",36.2891975536649,36.6341294082948,36.2874143468584,36.0569455643721,36.5210104197086,36.8405357582143,37.2118415619776,37.4418366131139,37.7300880944336,38.2573833484275,38.5777731589032,38.9391758680387,39.045147058656,39.225896779406,39.7976593311832,39.8705108973703,40.0844705428956,40.1558898385007,40.6686922153822,40.6543033291791,40.917728072089,41.1100895227577,41.7238835205742,41.8370297105182,41.8422357133367
"Jamaica","JAM",46.1103508546997,46.3974959745675,46.6542964120314,46.8201757148652,47.1029515999432,46.5612429739737,45.9942923542334,45.3220594220254,44.4924709186765,44.2493277574525,44.1083621679136,43.9878509179929,43.9597791153607,43.8417557559805,44.0200692567959,44.2152540284445,44.3274177223745,44.4991637315908,44.6483794435403,44.5194743325044,44.6380868495035,44.6313179571795,44.9277490232535,44.894363878497,44.8666762110305
"Japan","JPN",40.7908206216803,40.8830967408953,40.7620765910369,40.5575163585962,40.515565173173,40.4779533237999,40.4992929617879,40.6870729905827,40.7303971868504,40.5785625027943,40.6725340849738,40.8044369576587,40.7860496086091,40.9895056527963,41.1099687186909,41.2816900182464,41.3649191195005,41.3952977694955,41.5447156309236,41.9359044121918,42.4790335619285,42.0735223318317,42.2281985186366,42.6377704709287,42.7076465918193
"Jordan","JOR",10.9853951720184,11.0214868962778,11.7346311295395,12.1767367955697,12.6994482663324,13.172300027555,13.370041459429,13.637865262704,13.8315202797453,14.058009322777,14.2815511217663,13.890425538798,14.7771639160084,13.9981575748367,13.0890754374638,14.5151299605821,15.0463103374207,17.5046510785563,17.1129019539813,17.6390096951439,17.8049903977926,18.005100985731,17.9479556570328,18.2000679935844,18.3731965025274
"Kazakhstan","KAZ",47.0287115194295,47.0919139137051,47.1762449790721,47.2794093460099,47.4727258507265,47.6844274704824,47.9344270256911,48.2751330542525,48.6840953204321,48.9348652378498,49.2335458950509,49.2856714379381,49.3889805548514,49.3111028878004,49.0671621694404,49.181949190407,49.3044743149148,49.3603809046,49.5623839056155,49.4725097487766,49.3897673768897,49.4076541501607,49.3508732293407,49.2999003258978,49.3224417085541
"Kenya","KEN",47.268529354821,47.2408097235118,47.2102225958533,47.1066372874859,47.0670658999454,47.0226988060854,46.9729116494209,46.9194533583412,46.861692714235,46.7991132074081,46.731898912228,46.7273126612282,46.645081693643,46.5680736847622,46.5714966019214,46.5109172638792,46.5120046275219,46.447370189101,46.4626245592402,46.4782567396017,46.4928357409114,46.4346706653776,46.4509297530718,46.4611451211813,46.5411936347344
"Korea, Dem. Peopleâ€™s Rep.","PRK",48.9052654495436,48.7736512536329,48.5356170151597,48.4352210039834,48.2805781408042,48.1854739326272,48.1078462245075,48.0320153814387,48.0196683149837,47.9363581855014,47.9724385199638,47.9420691747762,47.9000680953542,47.9189084219191,47.9977640115494,48.0192506506907,47.9765572712605,48.0641155449013,48.0932987477081,48.0045803855282,48.0321976533017,48.0052562888865,47.9160366396028,47.8880063825598,47.8659976897278
"Korea, Rep.","KOR",39.6543080367628,39.4636043378788,39.256394145557,39.3276355707178,39.4782191318378,39.7937707747305,40.0109614167107,40.5392198151958,39.4690291720419,39.9388693000571,40.5067838421419,40.6760827378582,40.7587513104904,40.4283301416758,40.8730929665464,41.1211809099592,41.3808033051746,41.4067064538837,41.5148249161492,41.2470063740754,41.428711733712,41.4535575485982,41.5746830550132,41.5959233275872,41.5878310967779
"Kuwait","KWT",26.8293303674822,26.6334260501022,23.1267715907777,23.0020051007195,23.6025660148792,23.2839972446523,23.3365779533824,23.7262613335167,24.3242801257349,24.8670171469133,25.2715993182227,25.4655894814269,25.5856922964735,25.6478873239437,25.4096612976452,25.2675185796424,25.4398906808591,25.6263370869151,25.8648221793475,26.4441783998434,26.6808171425318,26.943743348845,27.0805005826575,27.0923955836524,27.1552680091964
"Kyrgyz Republic","KGZ",46.080345660208,45.9319507682582,45.8499319315719,45.6997380762067,45.5468474467886,45.4820877444488,45.2805804936565,45.1677749602371,45.0496814824664,44.8483174061265,44.6365626938182,44.4575095112309,44.1920746008218,43.6057514760421,43.1760672819534,42.7988363774102,42.5549146824519,42.5472959665821,42.6848136998301,42.6702749837654,42.7303139932145,42.6743879579577,42.6192080802256,42.5599901370723,42.5683386015454
"Lao PDR","LAO",49.7610924332287,49.8639364424151,49.9228427304284,50.0491312633973,50.1679938029057,50.2710512184519,50.2815941666036,50.2774833198229,50.2076654021052,50.2147063867513,50.2436750486916,50.3361596445798,50.4493989162991,50.6293692683762,50.7234310538984,50.7821415606903,50.7527162908442,50.7587768488158,50.6163948126165,50.4727718115111,50.4022832131378,50.2814682957261,50.1650988446503,50.0546915192048,49.9475799586976
"Latvia","LVA",49.666514972366,49.2774108002828,48.9793782598025,48.6724963430075,48.329578649305,48.0193389343632,47.62922710197,48.452399785268,48.2247015071443,47.5672387317897,48.0329357809096,48.7741694628199,48.6878376108425,48.7758484481483,48.2306562586387,48.5153407385714,48.5289206874747,48.8669095926583,49.1135725210508,49.9154856792188,50.3470029170271,50.0328973947572,49.9429242763665,49.9464635281588,49.942744906612
"Lebanon","LBN",20.1536083252639,20.3591784090214,20.6922197989934,21.1374815688587,21.3971346378422,21.6682090728867,21.9020394963172,21.9979099272085,22.1754341113618,22.1252772983084,22.1494928716546,21.8150363072722,21.5980236906022,21.4610828604029,21.3300507034942,21.4221241449263,21.6430546952914,21.9740674138687,22.1696180347608,22.502689082258,22.8749497568588,23.303459597495,23.695066060862,24.1323542313332,24.5446669399115
"Lesotho","LSO",47.8216486528154,47.6420873816819,47.3983953609017,47.3298768722305,47.2266558907124,47.3814451483889,47.6057920181393,48.0284540381431,48.333541207611,48.836585629309,48.797408137503,48.5309803765196,48.2775941044614,47.9870727720261,47.6848147110588,47.319878922892,47.098021679022,46.7434251918963,46.3904977227631,46.3498555201461,46.2361875511826,46.0396826060419,45.8551183792277,45.8218054922823,45.6465409625519
"Liberia","LBR",47.190666081,47.3773250857905,47.6461329009814,48.0726152766774,48.2405987624283,48.4811470450576,48.5248638496388,48.642284944224,48.8413263901607,48.8753545177219,48.9152405744573,48.8868524450014,48.8620080642474,48.7529060267961,48.7254723679485,48.531086454632,48.3422642575059,47.9871001665638,47.7980483598674,47.7740956896846,47.6672085859841,47.6451908599177,47.540212110387,47.4342348649691,47.4085931774708
"Libya","LBY",17.1970923455511,17.8455510806484,18.473435003457,19.2264495801643,19.9307761852975,20.7733500703364,21.6003122362655,22.5534718006401,23.3969977195283,24.2785523404969,24.9732461033545,25.5893301058597,25.9323344737636,26.374784268305,26.6323033014143,26.8840670554205,27.0927722432834,27.1536000639219,27.2659392662388,27.3481239615984,27.3137221563821,27.5396499733808,27.8915984562534,28.1071007057093,28.364735306557
"Lithuania","LTU",48.051601718304,47.9418265892037,47.7613143674847,47.6611301434733,47.5631690095568,47.4630694328708,47.3467292793866,47.3056452734461,47.5615823669633,48.8858034314113,49.4706727951894,49.2189217589326,48.8207905599514,49.6744022727998,48.9090438324379,49.0444630003542,49.4402892696593,49.4577587187109,49.5771319811742,50.3134182862126,50.5923567617573,50.3280472315731,50.4802892842153,50.1514476268455,50.0882795343003
"Luxembourg","LUX",34.7679345991825,35.6121469659747,37.1968716923439,36.4563446140832,37.2059029071934,36.0671871924414,36.7338256120944,37.6705406771097,37.7954091759929,39.1594781375249,39.7234813183089,39.8677213682902,40.2595935055396,40.8789684578239,41.9825000373081,42.3653560616286,43.1531151991761,43.5090087175173,43.4438828560837,43.287230237272,43.4082142046744,43.8755998568979,44.2861364487086,44.2395321025775,44.1967255004378
"Macao SAR, China","MAC",40.5830553184886,40.8172137861508,41.7725314534684,42.074907220327,42.7928459351368,42.5582994263043,43.4686227685562,43.6506936909006,44.1382237504113,44.7009887231106,45.3398573637686,45.7553805957759,46.5323477464512,46.1594590860419,46.4568578799481,47.1417647242423,47.2530773739742,48.2029973356259,48.1973207351799,48.795338402094,48.5126044096621,48.4759470491741,48.4317356415888,48.3871058637888,48.2750020091952
"Macedonia, FYR","MKD",38.8860609618502,39.041130637815,39.1086514552895,39.1764805137444,39.2711697970252,39.3587935864398,39.2647680488733,39.0065854985767,38.832857968969,38.6566452269182,38.8749616167044,39.1707369711717,39.4714303337191,40.0023228533931,39.4016030674471,40.184452922552,39.0961493808486,39.7397391840202,39.033320728769,38.6408243375859,38.8678638172012,39.5573340135404,39.3187952365862,39.4361684917935,39.3904406431684
"Madagascar","MDG",48.7297690978727,48.821861633106,48.9090728822254,48.9337466493633,49.0145633838881,49.037172005859,48.9935943133768,48.9490436495685,48.9613709260993,48.8553673093258,48.8058339681472,48.8135717787315,48.9938348649513,48.9971248300411,48.9437997824709,49.0055774883272,49.142793022154,49.2756358187994,49.3488578940512,49.3635120254625,49.487961543852,49.4359859970195,49.4387649295559,49.4403111653463,49.3838607484885
"Malawi","MWI",50.5073399725754,50.4309019229862,50.3323364887166,50.1557594649501,50.0516564825361,49.9084400796096,49.9345538826812,49.9112674520327,49.898839165066,49.7027147847875,49.503378201079,49.2888977700018,49.0715483955597,48.8560325955709,48.6465721802972,48.4432708291272,49.8980832716944,51.106290490487,51.876933711147,51.8073802689086,51.734388264776,51.5960289034986,51.5206252167586,51.4440152010958,51.3657826658388
"Malaysia","MYS",34.6641054455944,34.5047033641583,34.4148500529162,34.3317621917967,34.2477458692497,34.1586694522399,33.9947730360382,33.8882048329973,33.7890709039279,34.0219826727078,35.0204139459071,35.0908026780991,35.1582620827864,35.3095327830515,35.4635178191071,35.5415025930676,35.7087321917711,35.8814120733629,36.063088914646,36.1081871260839,36.1014250313998,36.1157160303962,36.1339134365911,36.0840649596088,36.0803929195031
"Maldives","MDV",19.6360388131853,21.1374757021248,22.6522555174422,24.3189997517995,25.8159564823209,27.3709723410322,28.8008420825349,30.1646074495589,31.4244836567739,32.8126787962009,34.1657317915085,35.4937868544507,36.7904299740436,38.0849242807986,39.304906021284,40.4589553359565,41.4687242997436,41.6738773876096,41.8760101241119,41.9996145553535,42.2098014354345,42.2666517532576,42.3363716171546,42.4018380822394,42.4762617282179
"Mali","MLI",37.8296329108847,37.7775476618174,37.2962769115297,37.6459417267318,37.7099233626442,37.5424509356756,37.4073538916126,37.142753258275,36.8053280771707,36.6412150892703,36.5329168748627,35.8720071229023,35.739785948116,35.3411226713484,35.3088325919684,35.6713351161069,36.2454727704162,36.6169450073761,37.2389798487981,37.6754459570883,38.2727743359559,38.2868945408911,38.4194974482158,38.4954961616249,38.4960189790074
"Malta","MLT",26.7352020032674,27.3499880300235,27.774130006566,28.0006367398918,27.9401327168363,28.265694248117,28.5343779548832,28.9195753989023,29.4396740500869,29.9601441900472,30.5605574258201,29.8635627555484,31.4913155823796,31.0935563243483,29.8400385962494,31.4442951537796,31.5612533877402,32.8093810888594,33.6722101427984,33.8154749472023,34.1708371633813,34.7704759469465,36.5599943771322,36.6152182987787,36.6044182123006
"Mauritania","MRT",19.7328683430592,20.1116769734449,20.4017265440367,20.390586372294,21.2166619162018,20.9895194330464,21.0901572678418,22.0436036585809,22.4494233551614,22.5330282677688,23.083844633276,23.566065456371,24.1912727709182,24.4125456168299,24.7289416893544,24.9459976676421,23.9615068970557,25.2075348402231,25.5266107104859,26.2601733931676,26.431718061674,26.4663873914147,26.5943856389156,26.6294278148467,26.7570186651632
"Mauritius","MUS",31.7271928044904,31.7440809207923,31.8913441677384,32.3333290861291,32.7474828199077,32.9640826640195,33.2566599450789,33.5506222000996,33.9268835385221,34.2153237347882,34.4417607483918,34.7130291255973,34.6756419324317,34.6918046524852,34.6164227953168,35.5923708654177,35.968003692727,35.6546184738956,36.3458543057819,36.6053406748593,37.4725744656712,37.6413542298034,37.755210566944,37.8743251130271,37.9932466655411
"Mexico","MEX",29.7999848774033,29.6409187892659,30.1297792427561,30.7783972420765,31.4579621849293,32.5470649735949,32.539304090486,33.4609223916418,33.3128395329566,33.0703063331518,33.4306784141219,33.1597293444324,33.69647259689,33.5945620231748,34.6675073485467,34.9704941972519,35.3594597324672,35.8143545313634,36.1250641676354,36.1835625583405,36.4134107864287,36.3830715348999,37.091883709126,37.1678336549827,37.1621834315168
"Moldova","MDA",48.7077918995076,48.7280676148433,48.7396005271566,48.7378363102737,48.8909231341362,48.9637829285475,49.025495957873,49.0843863719681,49.2297328545069,49.4724168035025,49.7217406624172,49.6393129206784,50.3052518111607,49.8626421204118,50.4599909276954,50.9166431270515,48.5273175606343,49.0557736022285,48.9402091353457,48.0841312276463,48.1901296801016,48.2297852716716,48.5815834203271,48.5348594205432,48.4860342286508
"Mongolia","MNG",46.6688728590109,46.4743083822186,46.3611106935822,46.3823286792338,46.449627131981,46.4816110262943,46.5151670619215,46.428140617408,46.4012027842555,46.3842847975316,46.313481783637,46.3841103119722,46.4774461234085,46.5872695714686,46.5514377039267,46.4294851369012,46.4767135621835,46.4402183226138,46.1840452539511,45.8095672134163,45.5845934980768,45.6628908588756,45.7399508741739,45.7436989051123,45.8120678827819
"Morocco","MAR",25.1827357331768,25.6267452457726,25.5460844800337,25.6129274994132,26.2550634039684,26.2712268407008,26.9566821079843,27.2528722048964,27.8879481509679,28.3251988707215,27.7358183254067,25.2064730824725,25.0248932310124,26.7441480849659,27.5867735464363,27.4832692861577,27.1713254120906,27.1888831168186,26.8518569688823,26.3555952329651,26.7172401727663,26.7935879326857,26.9147384192947,26.9772627522547,27.0385596474009
"Mozambique","MOZ",55.5428401626151,55.5736917623006,55.7813900443321,55.7218626480339,55.7334544959653,55.8239307329017,55.8602916883742,55.8197121882185,55.5565303237565,55.2833772678866,55.1267651067988,55.0221772749891,54.8436717038542,54.6591054360686,54.4807113228938,54.3067017594144,54.2207345823742,54.0133101978107,53.9338958594991,53.7918191890161,53.646593595391,53.5667120277158,53.3594967036974,53.2760560720503,53.1277393368532
"Myanmar","MMR",49.4487195655306,49.3666287973069,49.3504026447018,49.3350841195872,49.3249537877097,49.3229598456314,49.3473797766653,49.381373293865,49.4195455926173,49.5229700871372,49.4874754037564,49.5086027989218,49.5217236846587,49.5969471739311,49.6049979417187,49.6161502885636,49.6340383810744,49.5894246448179,49.6751950916645,49.6277139294732,49.5711762425873,49.6222128073388,49.5381311641645,49.5132141833069,49.4213250274704
"Namibia","NAM",44.7456152740692,44.8910780589359,44.9468731588944,45.2798535915815,45.3362065844703,45.1962569493318,45.080759319081,44.9642882398699,44.7898239264354,44.7263926611111,44.5935236925853,45.1539371337883,45.6283439810892,46.1699118956464,46.704315379311,47.055878764254,47.5502392964232,47.8753068889761,48.2608337032913,48.4208707295233,48.4754956639557,48.5373140757421,48.6646010844307,48.5477049670168,48.5180055862391
"Nepal","NPL",48.2441779564891,47.985746933841,47.5960670592503,47.1964576826593,46.8635493357462,46.7600646734126,47.0011599007009,47.4238850584133,47.9132574631372,48.4591987750682,48.7632641926435,48.854411625222,48.8066112103496,48.8186164514677,48.9315604488964,49.0482141486012,49.188228702575,49.4577948288649,49.7731210757241,50.16295377943,50.4615913171199,50.6400867064958,50.7087231698284,50.7952484291202,50.8516859992943
"Netherlands","NLD",38.9172308205809,39.2876631754543,40.1633689916629,40.4584874430646,40.9272699854207,41.2506500365591,41.6918077000229,42.044179550991,42.2444651321563,42.9330903310101,43.1412936618496,43.4667423756464,43.548045086115,44.1810029072927,44.357397910051,44.826286964518,45.0055033693498,45.310527917744,45.5720755471661,45.7954341433523,45.8012408788012,45.9922528292176,46.0744059972894,46.1034914831371,46.0614732918822
"New Zealand","NZL",43.1983139676307,43.417031112782,43.5304841612397,43.5123190117009,43.8497021057806,44.0864136413641,44.6022689282847,44.621141798391,44.8631732821789,45.1596491393362,45.2236802724118,45.4677555703924,45.6319130217736,46.0221687956821,45.9921606571156,46.2803437321851,46.2220611656914,46.4214887833564,46.6037168434724,46.7097410314622,46.7619225376205,46.8941944372221,47.2374410875281,47.2201773984809,47.265143763535
"Nicaragua","NIC",30.669079785183,30.3919569581249,30.1438685609289,29.8908837694798,29.6353148693056,29.3787429047545,30.0694016708998,30.7046816802443,31.4742567465494,32.1852349512091,32.8899644560388,33.5887645764131,34.31047360144,34.9973144387177,35.7647863287711,36.4686428989138,37.2144472005345,37.4976898909629,37.7206017048973,37.9386448907526,38.0886426019983,38.289651317891,38.4824125082385,38.6080657121231,38.7112288055068
"Niger","NER",22.7477464982869,23.6250758634056,24.4502054558072,25.2824234015424,26.1339838958487,26.9261380798791,27.6618895202004,28.3237965910195,29.1640560987295,29.9704088007466,30.8036576832853,31.7144832308546,31.3385197123573,31.1538282801273,30.9027400366563,30.7873274072228,30.7701141244571,30.8101326777591,30.8600098413727,30.870807212513,31.0124032321702,31.0592868055777,31.0352493173724,31.0966617236336,31.1659174910533
"Nigeria","NGA",34.1289329431174,34.6181895094354,35.1349556415074,35.5627082055495,36.1385916994077,36.6248880756412,37.2015504589617,37.7760589191659,38.417501592046,39.0806207943682,39.7273581255169,40.5453459077771,41.2962396094054,42.1139340545116,42.9542687762671,42.9417197521078,42.8564057551994,42.7582176194163,42.6720154758023,42.6630062682471,42.565108962783,42.4852910762938,42.4819689161449,42.403000993817,42.3995694985437
"Norway","NOR",44.6183185345467,45.2575285207626,45.1532999676851,45.4638761628395,45.5049323353683,45.7305126315804,45.8464313686576,45.9273902000207,46.0483453860226,46.3327955431433,46.4029040558239,46.6142294536424,46.8475600021287,47.0223541994506,46.989245571822,46.9394316219782,46.8672204916323,47.1314156446704,47.2349379385989,47.3119767762381,47.0215164248689,47.2075752555518,47.0264675892261,47.1258298884899,47.1103808481741
"Oman","OMN",12.6957115547189,12.2146560396193,11.7082228689434,11.408883603845,11.2992359150404,11.5245037790135,12.2253282570898,13.2075495377232,14.4435995961682,15.7778746985479,16.892999930491,17.7038700451926,18.309839991292,18.8024186842168,19.0425142885786,19.1990516610694,19.1075046516436,19.0433593600245,18.6876834685162,18.176669664248,17.3304058790207,16.1305051706923,14.9679936709702,14.0530632352334,13.4112970161763
"Pakistan","PAK",12.6661107473836,13.0859095176958,13.1015819578306,13.65938325258,13.9483618468649,12.2227317129214,13.177478139161,14.1556681337183,14.5824399095799,14.7679638792621,15.1694761887609,15.1500961016379,15.3862687754825,16.1349931105246,16.8415557998149,17.8322094012863,18.9726622702723,19.3205350208017,19.7453806267563,20.7644211270521,21.623352380836,21.7719257572268,22.0099032894728,22.1149311835038,22.2573032353082
"Panama","PAN",32.6897122254607,33.0403976201144,32.9492193716777,33.0512287230088,33.6623736610467,34.1976302285584,34.4697846426055,34.873291137442,34.9470800150173,34.9896774720648,35.4108858384312,35.8328343589062,36.254753017766,36.5619985048416,36.4430005922871,37.0371112763679,36.4204903158908,36.8535465433645,36.8112496478962,37.4753459948475,37.3024486718657,37.39958069723,37.4962177186187,37.5156861851531,37.6110859823329
"Papua New Guinea","PNG",48.0991521696006,48.1343062063218,48.3666001878987,48.5997027323019,48.6316209769783,48.598694957773,48.7622385471526,48.6547896180267,48.4795678073028,48.5723384213569,48.4598645201324,48.4807730164647,48.4965993952943,48.4397712707257,48.4499046299639,48.3920734319638,48.3983165917187,48.3353723843652,48.4061603401063,48.3414801986133,48.2705752281107,48.3370730475083,48.2661677925195,48.2620821103191,48.2557030577338
"Paraguay","PRY",36.7560911240075,37.0120214668665,37.1782246232036,37.409499218411,37.5708134943734,37.6795446600328,36.8893395022943,36.0185753413962,35.1909633081875,35.8337560964889,36.6940577207511,37.4042988320466,37.7188257361973,37.960090422651,38.1972792171295,38.4447323291584,38.8105200371466,39.0449935197479,38.7435942247955,39.2977613551187,38.7071607632935,38.8542508453733,38.9471833414002,39.0977772498895,39.1809986030772
"Peru","PER",37.6656266544551,36.8379433009375,37.1648482295847,37.593984962406,38.0054141413973,39.1621382515051,40.3084970920133,41.5217032472295,41.4336279609837,42.7145880216884,41.4145496057168,43.109095066127,43.0316967634689,42.8852525456892,42.7138568004179,42.6162073572162,42.0591866824301,44.0776465183962,44.0137874715437,44.9396677778176,44.9447187157344,45.009413489851,45.1322580700368,45.1949857632186,45.258195864867
"Philippines","PHL",36.543379007838,36.3319469807211,36.6045112584983,36.7698409377103,36.6348182855514,37.1726955588622,37.0208789345822,37.2240914821927,37.261237673859,37.7678913374274,37.4479973945019,38.9479641384736,38.9363824237223,38.2310397447474,37.9099140302292,38.6427063130442,38.2771556374086,38.2578881123749,38.2072820353766,38.4521088327161,38.8512266453943,38.9954320138752,39.0862132515518,39.1920540058323,39.2160523172948
"Poland","POL",45.5452745531892,45.6201899549916,45.6229567315396,45.6552310313188,45.8879864532518,45.6623667077055,45.656271199263,45.4691761309792,45.4813397705251,45.5991161759476,45.7958644651019,45.7645985431901,45.7322101972166,45.6920121815563,45.4877142876457,45.2267092435805,44.8624794287753,44.8403471303526,44.6404973792294,44.7426980682194,45.0286394331147,45.0632955866891,45.1195944607271,45.1249251559767,45.1320259159643
"Portugal","PRT",42.9740034210832,43.7674213101856,43.6048845757172,44.0727106600917,44.2546141688855,44.5187186984919,44.744610277838,45.092416824256,44.9059125889374,45.1518294063034,45.3622544695844,45.4720396012433,45.6381181210932,46.0203952751495,46.1505091427135,46.5346820075641,46.7176062136398,46.9972981461101,47.0978834028463,47.5844036531984,47.9527913901117,47.6669504405989,48.0217078731132,48.3314792979221,48.4313328177749
"Qatar","QAT",13.9590396204172,14.3278092560247,14.4423300264458,14.7521035419706,15.0299006967685,15.2817217157376,15.364523729384,14.9994350620435,15.0441706381495,15.2280671121269,15.3431294271485,15.9688166541144,16.5045384861419,16.9503960541321,16.5274622786119,15.9746497951568,15.1460114123863,14.155637286171,13.0070893561955,12.2915955273562,12.1158568007518,12.3127276826922,12.6732053547964,13.1124075392281,13.5250576264551
"Romania","ROU",44.870893584016,44.8669217469424,44.9151352760074,45.1752754521305,45.4633507185278,45.7762585162002,46.1034273580484,46.5186460357305,46.4129804909572,46.6086716806093,46.6009296687607,46.5980925244976,45.849822832351,45.43986592245,45.4802790714697,45.1341450417882,45.1884369129318,44.9485094126531,44.688370514957,44.6256863586131,44.6249581192398,45.0716706217793,44.8044276252354,44.8548668279549,44.9955571561266
"Russian Federation","RUS",48.2353753369772,47.9388842363258,47.6287684879077,47.3767183456006,47.1816094439557,47.2298716521525,47.2591094300234,47.5370585898988,47.5248168060653,48.1974650770522,48.2861507848067,48.2673958287484,48.7970694604404,48.9957982530514,49.1534894905466,49.3071823795187,49.4452141790971,49.2904201084991,48.9167068361132,49.107752752606,48.7672516139551,48.896174192876,48.9112251506079,48.8495674206398,48.7796056727448
"Rwanda","RWA",51.4049555201152,51.5455283871468,51.6665299796995,51.8088999225825,52.0004547630362,52.0287855426722,52.0662672575855,52.5299544501345,52.955612875411,53.3256859356789,53.7934132419304,54.1758951866508,54.2196225997564,54.2190482900692,54.2309831434145,54.2767585779243,54.2776674102455,54.1885744932951,54.2431779909651,54.2166250061503,54.1564039710341,54.1338495146678,54.0856433326157,54.0192002773855,53.9506737860927
"Saudi Arabia","SAU",10.661736913629,10.6830774625824,10.7466656824069,11.1564065137144,11.5327502989471,11.9918802604863,12.487482334413,13.1657968024755,13.8775638650902,14.64054016524,14.0054998172505,13.9002192697686,13.7428334075608,13.9159196107576,14.164543327098,14.4698952251076,14.8942667370448,14.56845203721,14.3091152027846,14.0818776057091,14.2017141817165,14.3436522187975,14.3789143016199,15.16529769584,15.2319144182879
"Senegal","SEN",41.8322569892921,42.0013717704356,42.2443133248026,42.4769471913932,42.7303037281469,42.7840512427922,43.0415604397766,43.3118994392175,43.5051948344464,43.6187158028267,43.8027590430371,44.0068945497976,44.2734230063126,44.31168642313,44.355014773819,44.4564200836494,44.6432533654538,44.6906410049718,44.7327094502766,44.9029661269701,44.9934342093048,44.9823510885597,44.9628896819265,44.9970465005363,44.9707202229923
"Serbia","SRB",40.8621512682966,40.7634614217858,40.9884589847435,41.1398749064471,41.2967833299616,41.3876370335013,41.6599422857444,41.8701201166822,42.0125951474604,42.2332080943906,42.3732219041531,42.6032128531276,42.7329788834493,42.9507866627166,43.0695849745075,43.1839823228829,43.274593318002,43.7670556201469,43.9153039028169,44.0446844712215,43.6750257132247,43.706007001143,43.7398629506056,43.8592689125619,43.7972736658028
"Sierra Leone","SLE",49.5682254585024,49.5816904927213,50.4644313305867,50.4821009459321,50.6552015767523,51.0619644096836,50.9996770865445,51.8038347490854,51.8946077741525,52.3883062829267,52.3284303598727,51.7076813881797,50.8585501303241,50.6452693607729,50.4391705914735,50.3763226235245,50.3121940529004,50.162144345945,50.0830519892906,49.9270753264013,49.8470479012562,49.7626951005611,49.6805451268147,49.6721683164311,49.5109148980451
"Singapore","SGP",39.1442888958568,38.2927198143311,38.4543926524904,38.2814551261099,38.3015985070672,38.7057247770986,39.0397670341017,39.1251550091719,39.3671477235266,39.8539808144526,40.6191528760539,40.5770972908412,40.3230162995143,40.8405887968993,41.2788616075909,41.8579923425053,42.4399860178069,42.5270857478604,43.0809204714514,42.8886438809261,43.5058287093858,43.9206203842608,44.2025652530359,44.237249777765,44.2058962628881
"Slovak Republic","SVK",46.8960132436768,46.8337654591489,46.5438467436408,46.055354736,44.6292510950755,44.7306761362148,45.2075945676366,45.2316873181825,45.0488199495968,45.2609517291795,45.6338916532343,45.5991541380125,45.4704164382024,45.5049318118835,45.3968811871007,44.7908199137487,44.6350668197079,44.6779487005279,44.7436696939982,44.4213236546552,44.7810041806557,44.4265554398999,44.5763773313915,44.6637871991123,44.7531423229454
"Slovenia","SVN",46.5467202204973,46.4508641216143,46.4337304192852,46.4065191156311,46.2092652652483,46.3129716526657,46.4490577358735,46.7789583656345,46.3219571089591,46.0270511849636,46.0613582714233,45.6151304503714,45.794512355867,45.7186598228797,45.8757696340045,46.0099208161349,46.1581600209106,45.7811537474641,46.0052763322257,45.7611131890828,45.4571105015284,45.6490313991249,45.8785229244503,45.9763064064717,46.0696171530598
"Solomon Islands","SLB",39.4598981109959,39.4674664550947,39.4847909064922,39.4983386011832,39.4448303041181,39.4627197930298,39.4714667596467,39.3428032824797,39.2918498478187,39.2518726041442,39.2134937932342,39.3016631443536,39.4780023781213,39.662559329276,39.8464015438384,39.9366743094224,40.0150002393655,40.0217819728244,40.0210482642771,40.0658828650143,40.107677450507,40.1069367432387,40.146035840973,40.1140069536156,40.1438754249369
"Somalia","SOM",31.728234817144,31.8198243701327,31.9097510765035,31.9412463490635,32.1191417574949,32.2068362228612,32.2932593245425,32.3803055959638,32.467187391301,32.5525017287655,32.6353910589092,32.7237559658408,32.8079661243871,32.8897315923718,33.0297476327036,33.1115922869487,33.1966096285326,33.2818429055761,33.2759658336916,33.4178259133873,33.4977443865742,33.5822942123972,33.6633987999607,33.6524443436818,33.7326592321464
"South Africa","ZAF",37.5522145508896,38.3195848399138,39.2105769663844,39.968548371915,40.7270752137346,41.4261355476046,42.244221434882,43.0503203488444,44.1624337776782,45.0995272338026,45.7952518769815,46.2944317985454,45.9786459092335,45.4030655956572,44.6555271381298,45.0064016256861,45.3798689817231,44.966045841289,44.5449623209356,44.3582292139874,44.2346767370288,44.5793183862016,44.2989851245546,44.1478663685004,43.8425295727152
"Spain","ESP",34.3428040447739,34.8121565317964,35.6254172050982,36.3310684274672,37.1933466118987,37.6864535346938,38.0504335320453,38.4054482880293,38.5509698848117,38.8366663197758,39.4200827238932,38.9176102398682,39.6019489500585,40.3490795474175,40.8069674420699,41.2105471322,41.8535859323176,42.2427078099803,42.848495938235,43.7138348687878,44.1836734650545,44.7754990930504,45.2225375831026,45.5485652577564,45.6450898238374
"Sri Lanka","LKA",31.5306125055156,31.8009796840291,32.0714915443011,32.001681032762,32.0692109274324,32.6906600171019,32.2304406868149,31.8979681189585,35.2387957996969,33.0564955399068,33.1165331032344,32.8946141886451,32.5831634392197,32.3608415034453,32.4891697518172,32.0365298347079,35.0729566025856,33.8925220496025,33.8382093601628,34.0232607939989,32.8772299649309,33.0603049541358,33.2360694215273,33.4047063055194,33.5323696338467
"Suriname","SUR",37.278387573015,36.1016760580894,34.859383468608,31.6231226424286,33.7599890717847,32.525169789427,33.100367700742,33.6237372921339,34.2434966478219,34.9693251533742,35.1517624915484,35.3330557868443,35.4301685736746,35.6275211116317,35.750738049756,35.9593706739326,36.1659791312788,36.3914890020496,36.610153712477,36.822340985465,37.0039530004613,37.1532761196216,37.2627435127435,37.3660989610513,37.3836322639197
"Swaziland","SWZ",41.6699230431835,41.4522985741548,41.1191763852801,40.8448003775644,40.5907946781733,40.379004666718,40.2335766423358,40.2879001541969,40.3605371306588,40.2653154143734,40.3208936553724,40.2656987682368,40.2180708003198,40.06756466597,39.9194571104886,39.8757155081458,39.7807754433922,39.7681760850618,39.695416403293,39.6291984457479,39.6572554773509,39.451910818269,39.4097481681086,39.2127809335085,39.1098468271335
"Sweden","SWE",47.7288449909465,47.6343423978108,47.5659066516424,47.4896461478873,47.2918740016909,47.4735640324584,47.5566022114044,47.41767063955,47.1298615160153,47.2164784333647,47.0903003273946,47.4698642420377,47.4383125733188,47.3986533321414,47.5868248644703,47.280105371669,47.3241073685106,47.4367612006896,47.3828076208896,47.383808706349,46.9365680849913,47.1555928291376,47.3629778565259,47.4042347178405,47.3650933549088
"Switzerland","CHE",42.6742683003985,42.9128391562919,43.2962042713806,43.2195977064843,43.0525050881497,43.031873481373,43.5978753129175,43.7149084084306,44.2259069461522,44.4474883420669,44.2443934999494,44.8733563914897,45.3004112651811,45.3636743949227,45.3639906931179,45.7576225388199,45.7375608931675,45.6260373553565,46.2035978083094,46.2159650600461,45.8153741640996,45.6804680010379,45.8325667727306,46.1451997009087,46.1510108146182
"Syrian Arab Republic","SYR",17.9152941376232,18.5831669210271,19.3311611175008,20.1575851154253,20.9269168797765,21.6787406721499,21.3336246247411,21.0391370776149,20.7360482912706,20.4165926138045,19.8646572076356,19.4766754086768,19.2271412245672,19.1728844121122,17.9825710472271,17.0367650852821,16.0575784955486,16.1830670360777,16.1691795035476,14.9080979277727,15.0998997831622,15.2264225436128,15.302254102056,15.4047833041416,15.5106188179356
"Tajikistan","TJK",44.4829502861243,44.4001042020412,44.2398801678117,44.2178476232785,44.0571782229515,44.0478969766646,44.0775336598566,44.0488112024707,44.0893999133478,44.0540119209774,44.0919780951834,44.0377914851293,43.9773128902503,43.9342545067444,43.8349740398164,43.7545454938224,43.7764231724381,43.672289815686,43.7026204261923,43.6395028600785,43.4918605510075,43.4570735286686,43.4006084009446,43.346963029879,43.3215136132601
"Tanzania","TZA",49.7856699299774,49.76173054707,49.7909818722724,49.758688908827,49.8359356683681,49.7970034568924,49.7504671054982,49.7605861179317,49.7165804952945,49.6178614172969,49.6371200101706,49.5227168433949,49.590475667551,49.674585518175,49.8440854917139,49.9868193816892,50.1194515238298,50.1786886910107,50.1927999417187,50.185835496164,50.2027999815612,50.2408324072438,50.1783954026987,50.2078888271492,50.1338160916431
"Thailand","THA",47.6068448170995,46.9670929825914,46.2072167749358,45.3341746563595,44.4269489841201,44.9702754957185,45.6467977967515,45.9973292609379,45.7241649289476,45.5683379251062,45.8787650287297,45.7216086222663,45.794362976258,45.9202516438243,45.6659093490244,46.0181457131174,45.5917807686092,45.7719418542537,45.7531185029047,45.3532719801444,45.3919936564334,45.4064419913019,45.4229023881871,45.4330522442486,45.5073939388977
"Timor-Leste","TLS",33.4804893697687,33.3118152185094,33.0737653764544,32.91797601925,32.6972345588881,32.6505832575161,32.5886613080194,32.7358075399736,32.935519025736,33.1402298850575,33.189886584793,33.4212861906018,33.0663656776456,32.6518462069705,32.3614711088633,32.1415994365476,31.9578003176149,31.979066794503,31.8858875036685,31.9443258822047,32.0506881948121,32.0431341511674,32.073551601923,32.100271732855,32.0456384773056
"Togo","TGO",45.1720308597147,45.9031643812486,46.5911215712432,47.2710424673683,47.8597958734189,48.4149449323853,48.8618681187694,49.2724010712525,49.5915577713618,49.8918598122723,50.2512835786228,50.5290679735167,50.733479611194,50.9978694560698,51.2573931287272,51.450469884412,51.650515099726,51.5288808791385,51.4728312404403,51.3551094847191,51.3029440114379,51.190861208269,51.1446312493445,50.9731468442934,50.9272952429575
"Trinidad and Tobago","TTO",34.1847494759881,40.365094615481,38.6369320462623,37.5089070560124,37.4911265409339,37.660657078851,38.9002997359204,38.766414759766,38.6172151355987,38.5986149428523,38.4397217152811,38.8722412926636,39.3270356309732,40.2821016720499,41.1253144654088,41.9525568870584,42.1107482593958,41.3725407477272,41.8585141397632,41.3605366445873,41.8212674735385,41.9409448644269,42.0641298168244,42.1109501670444,42.291651497721
"Tunisia","TUN",21.5472398809562,21.9417897429548,22.2351570271423,22.632915752501,23.0807885165817,23.4868160362602,23.8568224686524,24.2855290976916,24.5668560031751,24.7548781271945,25.0552814151046,25.3142924563665,25.6325973610007,25.9542808364122,26.3851944881501,26.7063171602126,26.7321794365186,26.7519019036691,26.8757003152236,26.8890738941666,26.9039390157672,26.922625498083,26.9433381653569,26.9126708149167,26.9854719232632
"Turkey","TUR",30.8340871490218,30.9757558202094,30.2495861447874,26.6615368822314,29.6272536249697,29.6791485298833,29.5201329412544,28.4744323006224,28.9195380767875,29.6756686698121,27.7497315546835,28.5045579440027,29.4322161306204,28.8254086661431,26.2080290765937,26.1550292237065,26.4973364495932,26.5018031691601,27.1615198809103,28.2689853926901,29.3387464555885,29.9906394874605,30.6703519353172,30.6623601970368,30.5499917103545
"Turkmenistan","TKM",39.7290652011509,39.9030007122739,39.9882336184987,40.1389585601262,40.3396423928276,40.476088755448,40.6172894142216,40.8300658105234,40.7712799695547,40.6432874953435,40.5811012110647,40.4223917260373,40.2652589194464,40.1580426470446,39.9870964063175,39.8845993140909,39.7186682617247,39.5529986460507,39.4730611029929,39.3949356744207,39.339153244137,39.241010944023,39.230465855371,39.221809298804,39.2134143926745
"Uganda","UGA",51.0354474618025,51.001243526793,51.0257201408962,50.9211674693418,50.8719914086886,50.6913458248514,50.6192159413022,50.602497266214,50.5183205736729,50.3055695066278,50.2780670888283,50.2419953084193,50.0812124567929,49.9741094224987,49.8623819319272,49.745937534676,49.642491779654,49.6030982509423,49.5013704120149,49.4657592563342,49.3702523701299,49.3552158569932,49.3422318365142,49.3309412419769,49.3209092377559
"Ukraine","UKR",48.9187983880167,48.8209342700444,48.7482423361556,48.5191776748795,48.4704078808604,48.4901021207081,48.5267476593352,48.6342407052012,48.7533734156491,48.8679665854217,48.9900589379101,49.0251261013133,49.225304198143,49.3088421130277,49.3305534565563,48.8390633738223,48.8738817372378,48.9156081428401,48.8653454069836,48.9961349233728,48.8455244217707,48.884634502967,48.9901739022792,48.912484695493,49.0118010453245
"United Arab Emirates","ARE",9.54804078736433,9.88605915213974,10.2583574363789,10.6822957570097,11.1409656036672,11.5803377444203,11.685967091531,11.8139731593297,11.8926107167646,11.9112689249484,11.9230731464726,12.0025857892806,12.0618927493309,12.0730857676282,12.0385635949844,11.9639055992596,12.1099426270272,12.2552264649735,12.4938008640345,12.586388575643,12.7791752521433,12.815342725196,12.9207046942718,13.0061281177929,13.1167639720923
"United Kingdom","GBR",43.2876758401097,43.4757520681613,43.7151071143954,44.0732873733598,44.2317322255223,44.37410242849,44.5558021807529,44.8887084974291,45.0125438666059,45.1130493936285,45.3406855085727,45.4286643596784,45.6444259090841,45.5095765872072,45.6981237519957,45.805762311382,45.7951802019346,45.6376042074496,45.7078830893267,45.8181900498262,46.0039990296854,45.9704468063075,45.9505391615125,45.9131524996,45.961092479109
"United States","USA",44.4204612059659,44.5029800807022,44.5825912539581,44.6894681500988,45.1578596617374,45.2036827585885,45.3399912055961,45.4864837166327,45.4609924778668,45.5812488838924,45.5464872861606,45.5696023947187,45.6635584600948,45.8368940633926,45.7841102320625,45.764840869315,45.7566436195787,45.8059790420436,45.9501907615951,46.1254305094267,46.2052415938154,46.057382174158,45.936732150492,45.7926573951522,45.8392761882961
"Uruguay","URY",38.9541641344373,39.1895881653244,40.1985712639546,40.2157985327138,40.6889180195624,41.110631220077,41.5467652773979,42.0491639550243,42.4864195859395,42.7595480384944,43.1028688418641,43.6325147762541,43.7622929542028,43.8978352324966,44.0176954291015,44.133549344773,43.1656478850633,43.8952039161965,44.1114841671225,44.2538764872774,44.3964912362767,44.3966590028178,44.4736699699378,44.4678234013392,44.5401697655023
"Uzbekistan","UZB",39.9819288362851,40.0641851750452,40.3232388583704,40.3600063897531,40.4892626258706,40.6273629923569,40.6591772794523,40.71368986866,40.7721827471653,40.8165679291531,40.8634077100574,40.9776087697674,40.9452942088143,40.9830840410988,41.0143373004933,40.9666749414362,40.8359924115494,40.6975561191815,40.555128331321,40.4148957179099,40.365059878723,40.2534954992244,40.2288492025709,40.2709246481896,40.1635055615924
"Venezuela, RB","VEN",31.5490935017874,32.2599054499274,31.9790415800606,31.3197933980194,31.5421224902191,33.4965971897781,34.8074692252638,35.9147619573739,36.6148466145075,37.0656651782644,37.4487531823936,39.0441002443044,39.8256619112656,39.6413881408266,39.317272746912,39.1179883227211,38.9106221591298,38.9062166097355,39.1382707191441,39.5322935763196,39.3492591221296,39.5284009965309,39.6466853821807,39.7644415525887,39.864886309569
"Vietnam","VNM",48.4827088686313,48.4624236146833,48.4457444953637,48.430947176831,48.4765623859538,48.4538841918783,48.5005405590999,48.4754022764773,48.5172871897658,48.4320853382561,48.4744738377436,48.4530115996831,48.500074283908,48.4857565262683,48.4667127656039,48.5037384738574,48.4695134850464,48.499198714796,48.4649324444578,48.4376339487361,48.420153948022,48.4196787147043,48.4250959037956,48.3672188539802,48.3749799424993
"West Bank and Gaza","PSE",12.7469753238835,12.6799646006663,12.9034420892983,13.0621972442996,13.0934469011127,13.0906373308584,13.0886004141913,13.248491024244,13.5733241783692,14.1798395965197,13.8984669066132,13.3563188078808,13.5979786636721,15.2298876573927,16.7312040700961,17.2117146747443,17.5231779867894,17.9372290585093,18.4106815482711,18.7174989611147,17.896196282741,18.0942328012185,18.3679035930289,18.5187011854573,18.787982611642
"Yemen, Rep.","YEM",19.1785708770861,18.7864771704113,18.7661147299386,18.588084957004,18.4350080397054,19.1528820222569,20.1257587710648,21.1216691499574,22.1790637386593,23.3453031234919,23.5428576246409,23.8858642603138,24.1199412646741,24.3985128718183,24.6200644099244,24.7847643489325,25.0467202119442,25.1465960967542,25.4013355212681,25.4972790354748,25.7505858135367,25.8476805833973,25.8915582513046,25.9360174180526,25.9810504957869
"Zambia","ZMB",47.0680104078865,47.208217656222,47.3471918930792,47.3434181914338,47.6039944284805,47.727890490375,47.6394523817443,47.6164047600268,47.6578795118462,47.5684107953379,47.4716391365253,47.3640526986972,47.1943405015579,47.0237078211103,46.8500237892473,46.6211538042175,46.5897743121689,46.6244053716126,46.5392849032215,46.5140017869985,46.5532196458869,46.4779056503308,46.5251889210806,46.5102186847639,46.4387271929463
"Zimbabwe","ZWE",46.2879838135562,46.2599122633354,46.24131259893,46.2870840420861,46.3239861819432,46.3401609475183,46.3218662532173,46.2917617954325,45.8449649973933,45.4502808284339,46.285594013759,47.018621421356,47.7083958661885,48.2382388445948,48.7308976281478,48.7947276711998,48.9587364585833,49.0038702962406,49.1055590733262,49.1514313631523,49.2006188244465,49.2523393315338,49.3043979622917,49.4124578139015,49.4568120758216
